text,label
"यह एक समाज में विवादित विषय है।",2
"आपसी समर्थन और सहयोग की बजाय अपराध का मार्ग न चुनें।",1
"महिलाओं के प्रति लिंग भेद का समापन करना आवश्यक है।",3
"नस्लीय और जातिगत भेद के खिलाफ हमें मिलकर काम करना होगा।",4
"सामाजिक-आर्थिक भेद के खिलाफ उच्चायुक्ति की जरुरत है।",5
"आयु भेद की ओर बढ़ते समय को जानकारी और समझ के साथ नियंत्रित करें।",6
"सांस्कृतिक भेद के खिलाफ जागरूकता फैलाएं।",7
"राजनीतिक भेद का सामना करने के लिए सकारात्मक कदम उठाएं।",8
"धार्मिक भेद के खिलाफ ताक़त बनाएं और शांति को प्रमोट करें।",9
"क्षेत्रीय भेद के खिलाफ समाज को एकजुट रहना चाहिए।",10
"विकलांगता भेद के खिलाफ समर्थन दें और समझाएं।",11
"हमें समाज में न्याय और बिना पक्षपात के जीने का समर्थन करना होगा।",0
"अपराध के खिलाफ कठिन कदम उठाने की आवश्यकता है।",1
"लिंग भेद के खिलाफ समुदाय को जागरूक करना होगा।",3
"नस्लीय और जातिगत भेद को दूर करने के लिए साझा कदम उठाएं।",4
"सामाजिक-आर्थिक भेद के खिलाफ उच्चायुक्ति का समर्थन करें।",5
"आयु भेद के खिलाफ समाज को सशक्त करना होगा।",6
"सांस्कृतिक भेद के खिलाफ जागरूकता फैलाएं।",7
"राजनीतिक भेद का सामना करने के लिए सकारात्मक कदम उठाएं।",8
"धार्मिक भेद के खिलाफ ताक़त बनाएं और शांति को प्रमोट करें।",9
"क्षेत्रीय भेद के खिलाफ समाज को एकजुट रहना चाहिए।",10
"विकलांगता भेद के खिलाफ समर्थन दें और समझाएं।",11
"हमें समाज में न्याय और बिना पक्षपात के जीने का समर्थन करना होगा।",0
"अपराध के खिलाफ कठिन कदम उठाने की आवश्यकता है।",1
"लिंग भेद के खिलाफ समुदाय को जागरूक करना होगा।",3
"नस्लीय और जातिगत भेद को दूर करने के लिए साझा कदम उठाएं।",4
"सामाजिक-आर्थिक भेद के खिलाफ उच्चायुक्ति का समर्थन करें।",5
"आयु भेद के खिलाफ समाज को सशक्त करना होगा।",6
"सांस्कृतिक भेद के खिलाफ जागरूकता फैलाएं।",7
"राजनीतिक भेद का सामना करने के लिए सकारात्मक कदम उठाएं।",8
"धार्मिक भेद के खिलाफ ताक़त बनाएं और शांति को प्रमोट करें।",9
"क्षेत्रीय भेद के खिलाफ समाज को एकजुट रहना चाहिए।",10
"विकलांगता भेद के खिलाफ समर्थन दें और समझाएं।",11
"हमें समाज में न्याय और बिना पक्षपात के जीने का समर्थन करना होगा।",0
"अपराध के खिलाफ कठिन कदम उठाने की आवश्यकता है।",1
"लिंग भेद के खिलाफ समुदाय को जागरूक करना होगा।",3
"नस्लीय और जातिगत भेद को दूर करने के लिए साझा कदम उठाएं।",4
"सामाजिक-आर्थिक भेद के खिलाफ उच्चायुक्ति का समर्थन करें।",5
"आयु भेद के खिलाफ समाज को सशक्त करना होगा।",6
"सांस्कृतिक भेद के खिलाफ जागरूकता फैलाएं।",7
"राजनीतिक भेद का सामना करने के लिए सकारात्मक कदम उठाएं।",8
"धार्मिक भेद के खिलाफ ताक़त बनाएं और शांति को प्रमोट करें।",9
"क्षेत्रीय भेद के खिलाफ समाज को एकजुट रहना चाहिए।",10
"विकलांगता भेद के खिलाफ समर्थन दें और समझाएं।",11
"हमें समाज में न्याय और बिना पक्षपात के जीने का समर्थन करना होगा।",0
"अपराध के खिलाफ कठिन कदम उठाने की आवश्यकता है।",1
"लिंग भेद के खिलाफ समुदाय को जागरूक करना होगा।",3
"नस्लीय और जातिगत भेद को दूर करने के लिए साझा कदम उठाएं।",4
"सामाजिक-आर्थिक भेद के खिलाफ उच्चायुक्ति का समर्थन करें।",5
"आयु भेद के खिलाफ समाज को सशक्त करना होगा।",6
"सांस्कृतिक भेद के खिलाफ जागरूकता फैलाएं।",7
"राजनीतिक भेद का सामना करने के लिए सकारात्मक कदम उठाएं।",8
"धार्मिक भेद के खिलाफ ताक़त बनाएं और शांति को प्रमोट करें।",9
"क्षेत्रीय भेद के खिलाफ समाज को एकजुट रहना चाहिए।",10
"विकलांगता भेद के खिलाफ समर्थन दें और समझाएं।",11
"हमें समाज में न्याय और बिना पक्षपात के जीने का समर्थन करना होगा।",0
"अपराध के खिलाफ कठिन कदम उठाने की आवश्यकता है।",1
"लिंग भेद के खिलाफ समुदाय को जागरूक करना होगा।",3
"नस्लीय और जातिगत भेद को दूर करने के लिए साझा कदम उठाएं।",4
"सामाजिक-आर्थिक भेद के खिलाफ उच्चायुक्ति का समर्थन करें।",5
"आयु भेद के खिलाफ समाज को सशक्त करना होगा।",6
"सांस्कृतिक भेद के खिलाफ जागरूकता फैलाएं।",7
"राजनीतिक भेद का सामना करने के लिए सकारात्मक कदम उठाएं।",8
"धार्मिक भेद के खिलाफ ताक़त बनाएं और शांति को प्रमोट करें।",9
"क्षेत्रीय भेद के खिलाफ समाज को एकजुट रहना चाहिए।",10
"विकलांगता भेद के खिलाफ समर्थन दें और समझाएं।",11
"वाणिज्यिक व्यापारों में न केवल वित्तीय आधार पर भेदभाव होना चाहिए, बल्कि लिंग के आधार पर भी नहीं होना चाहिए।",3
"एक समुदाय के सभी सदस्यों को सामाजिक-आर्थिक समानता का हक है।",5
"जवानों के लिए नौकरी प्राप्त करने में उम्र का भेद करना गलत है।",6
"हमें अपनी सांस्कृतिक मूलों के साथ गर्व करना चाहिए, लेकिन इसका मतलब है कि हमें अन्य सांस्कृतिकों को भी समझना चाहिए।",7
"राजनीतिक प्रतिद्वंद्व के बजाय सहमति की दिशा में कदम बढ़ाएं।",8
"हर धर्म के अनुयायियों को समझने और समर्थन देने की आवश्यकता है।",9
"विभिन्न क्षेत्रों में भारत में समृद्धि के लिए समानता बढ़ाने के उपाय ढूंढें।",10
"विकलांग लोगों को उनके कौशलों और योग्यता के आधार पर मौके देने की आवश्यकता है।",11
"सभी नागरिकों को समाज में समान अधिकार और विशेष अधिकार मिलने चाहिए।",0
"जब भी कोई अपराध करता है, उसे सजा मिलनी चाहिए, बिना किसी भेदभाव के।",1
"लिंग भेद को बढ़ावा नहीं देना चाहिए, बल्कि समाज में समानता को प्रोत्साहित करना चाहिए।",3
"रंग और जाति के आधार पर किसी को नकारात्मक दृष्टिकोण से नहीं देखा जाना चाहिए।",4
"समृद्धि और गरीबी के बीच का भेदभाव कम करने के लिए सरकार को कदम उठाना चाहिए।",5
"वर्षों के अनुभव के साथ ही लोगों की समझ में बदलाव आया है, और यह अच्छी बात है।",6
"अपनी मूलभूत साहित्यिक धरोहर को बढ़ावा देने के लिए हमें समाज में साहित्यिक रूप से समर्थन देना चाहिए।",7
"राजनीतिक भेदभाव के बजाय सामाजिक सद्भावना को प्रोत्साहित करें।",8
"धार्मिक सहमति के माध्यम से लोगों को एक साथ आने का अवसर मिलेगा।",9
"विभिन्न राज्यों में लोगों के बीच के भेदभाव को कम करने के लिए सामाजिक जागरूकता को बढ़ावा दें।",10
"विकलांगता को समझने और समर्थन देने के लिए शिक्षा को प्राथमिकता दें।",11
"हमें एक समृद्धि और समृद्धि के लिए भेदभाव के खिलाफ साथ मिलकर काम करना होगा।",0
"सजा और प्रतिफल के मामले में न्याय की प्राथमिकता देना चाहिए, चाहे कोई भी हो।",1
"लिंग भेद को बढ़ावा नहीं देना चाहिए, बल्कि समाज में समानता को प्रोत्साहित करना चाहिए।",3
"रंग और जाति के आधार पर किसी को नकारात्मक दृष्टिकोण से नहीं देखा जाना चाहिए।",4
"समृद्धि और गरीबी के बीच का भेदभाव कम करने के लिए सरकार को कदम उठाना चाहिए।",5
"वर्षों के अनुभव के साथ ही लोगों की समझ में बदलाव आया है, और यह अच्छी बात है।",6
"अपनी मूलभूत साहित्यिक धरोहर को बढ़ावा देने के लिए हमें समाज में साहित्यिक रूप से समर्थन देना चाहिए।",7
"राजनीतिक भेदभाव के बजाय सामाजिक सद्भावना को प्रोत्साहित करें।",8
"धार्मिक सहमति के माध्यम से लोगों को एक साथ आने का अवसर मिलेगा।",9
"विभिन्न राज्यों में लोगों के बीच के भेदभाव को कम करने के लिए सामाजिक जागरूकता को बढ़ावा दें।",10
"विकलांगता को समझने और समर्थन देने के लिए शिक्षा को प्राथमिकता दें।",11
"हमें एक समृद्धि और समृद्धि के लिए भेदभाव के खिलाफ साथ मिलकर काम करना होगा।",0
"सजा और प्रतिफल के मामले में न्याय की प्राथमिकता देना चाहिए, चाहे कोई भी हो।",1
"लिंग भेद को बढ़ाव नहीं देना चाहिए, बल्कि समाज में समानता को प्रोत्साहित करना चाहिए।",3
"रंग और जाति के आधार पर किसी को नकारात्मक दृष्टिकोण से नहीं देखा जाना चाहिए।",4
"समृद्धि और गरीबी के बीच का भेदभाव कम करने के लिए सरकार को कदम उठाना चाहिए।",5
"वर्षों के अनुभव के साथ ही लोगों की समझ में बदलाव आया है, और यह अच्छी बात है।",6
"अपनी मूलभूत साहित्यिक धरोहर को बढ़ावा देने के लिए हमें समाज में साहित्यिक रूप से समर्थन देना चाहिए।",7
"राजनीतिक भेदभाव के बजाय सामाजिक सद्भावना को प्रोत्साहित करें।",8
"धार्मिक सहमति के माध्यम से लोगों को एक साथ आने का अवसर मिलेगा।",9
"विभिन्न राज्यों में लोगों के बीच के भेदभाव को कम करने के लिए सामाजिक जागरूकता को बढ़ावा दें।",10
"विकलांगता को समझने और समर्थन देने के लिए शिक्षा को प्राथमिकता दें।",11
"आजकल की युवा पीढ़ी को गर्व करना चाहिए कि वे भारतीय समाज में सामाजिक भेदभाव के खिलाफ आवाज उठा रही हैं।",3
"सिनेमा में गाने के माध्यम से समुदाय के अलग-अलग हिस्सों को मिलाने की कोशिश की जा रही है।",7
"जब हम सभी विभिन्न प्रकार के भेदभाव के खिलाफ एक साथ काम करते हैं, तो हमारा समाज मजबूत होता है।",0
"समाज में जातिगत और लैंगिक भेदभाव को दूर करने के लिए शिक्षा का महत्वपूर्ण योगदान है।",4
"किसी भी क्षेत्र में सफलता पाने के लिए केवल योग्यता ही मायने रखती है, न कि कोई और भेदभाव।",6
"सभी धर्मों के प्रतिष्ठान को समझना और समर्थन देना हमारे समाज के लिए महत्वपूर्ण है।",9
"क्षेत्रीय भेदभाव के खिलाफ हमें समाज को एक साथ आने का मौका देना चाहिए।",10
"फिल्मों के माध्यम से समाज में सामाजिक सद्भावना को प्रोत्साहित करने का सही समय है।",7
"समृद्धि के साथ-साथ गरीबी के खिलाफ सामाजिक आर्थिक समानता का भी माध्यम बनाया जाना चाहिए।",5
"युवाओं को अपने सपनों की पुर्ति करने के लिए समर्थन मिलना चाहिए, चाहे उनका वर्ग कोई भी हो।",6
"समाज में न्याय और बराबरी की भावना को प्रमोट करने के लिए सामाजिक साक्षरता को बढ़ावा दें।",11
"अपराध के मामले में न्यायपालिका को भी भेदभाव मुक्त और न्यायपालन करना चाहिए।",1
"लिंग भेद के खिलाफ लड़ाई लड़ते समय हमें एक साथ मिलकर काम करना होगा।",3
"राजनीतिक और सामाजिक समरसता को बढ़ावा देने के लिए आवश्यक है कि हम सभी एक साथ काम करें।",8
"हमें अपने समुदाय के सभी सदस्यों को समर्थन और समझ का बढ़ावा देना चाहिए।",0
"समाज में विकलांग लोगों के समर्थन में हमारी जिम्मेदारी है।",11
"सामाजिक और सांस्कृतिक भेदभाव को हमें अपने समाज से बाहर करना होगा।",7
"राजनीतिक भेदभाव को हमारे देश में कम करने के लिए हमें सहमति की दिशा में कदम बढ़ाना होगा।",8
"धार्मिक भेदभाव को दूर करने के लिए हमें सभी धर्मों के अनुयायियों को समझने का प्रयास करना होगा।",9
"विभिन्न क्षेत्रों में भेदभाव को खत्म करने के लिए हमें सामाजिक जागरूकता फैलानी होगी।",10
"विकलांग लोगों को समझने और समर्थन देने के लिए हमें उनके विशेष कौशलों का समर्थन करना चाहिए।",11
"शिक्षा में न्यायपालिका को बढ़ावा देना चाहिए ताकि हर किसी को इसका उत्तराधिकार हो सके।",0
"सामाजिक मीडिया का सही उपयोग करके हम भेदभाव के खिलाफ जागरूकता फैला सकते हैं।",3
"राजनीतिक दलों को लोगों के समृद्धि के लिए काम करने के लिए सामाजिक सामंजस्य की आवश्यकता है।",8
"फ़िल्मों में समाज में भेदभाव को खत्म करने के संदेश देना जरूरी है।",7
"अपने धर्मिक मूलों के साथ हमें औरों का समझने और समर्थन करने की आवश्यकता है।",9
"क्षेत्रीय भेदभाव को खत्म करने के लिए लोगों को एकजुट होकर काम करना होगा।",10
"फ़िल्मों में समाज में सामाजिक सद्भावना को प्रोत्साहित करने के लिए अधिक प्रयास करने चाहिए।",7
"समृद्धि और गरीबी के बीच का भेदभाव कम करने के लिए सरकार को कदम उठाना चाहिए।",5
"युवाओं को उनके प्रतिष्ठान के अनुसार चुनने का मौका मिलना चाहिए, चाहे उनका वर्ग कोई भी हो।",6
"समाज में न्याय और बराबरी की भावना को प्रमोट करने के लिए सामाजिक साक्षरता को बढ़ावा दें।",11
"अपराध के मामले में न्यायपालिका को भेदभाव मुक्त और न्यायपालन करना चाहिए।",1
"लिंग भेद के खिलाफ लड़ाई लड़ते समय हमें एक साथ मिलकर काम करना होगा।",3
"राजनीतिक और सामाजिक समरसता को बढ़ावा देने के लिए आवश्यक है कि हम सभी एक साथ काम करें।",8
"हमें अपने समुदाय के सभी सदस्यों को समर्थन और समझ का बढ़ावा देना चाहिए।",0
"समाज में विकलांग लोगों के समर्थन में हमारी जिम्मेदारी है।",11
"सामाजिक और सांस्कृतिक भेदभाव को हमें अपने समाज से बाहर करना होगा।",7
"राजनीतिक भेदभाव को हमारे देश में कम करने के लिए हमें सहमति की दिशा में कदम बढ़ाना होगा।",8
"धार्मिक भेदभाव को दूर करने के लिए हमें सभी धर्मों के अनुयायियों को समझने का प्रयास करना होगा।",9
"विभिन्न क्षेत्रों में भेदभाव को खत्म करने के लिए हमें सामाजिक जागरूकता फैलानी होगी।",10
"विकलांग लोगों को समझने और समर्थन देने के लिए हमें उनके विशेष कौशलों का समर्थन करना चाहिए।",11
"विशेषज्ञों ने कहा कि जनसंख्या के वृद्धि के साथ ही शिक्षा और स्वास्थ्य क्षेत्र में विभिन्न प्रकार के भेदभाव बढ़ सकते हैं।",3
"साहित्य के क्षेत्र में विशेषज्ञों ने अपने अद्वितीय लेखन शैली के लिए प्रशंसा प्राप्त की।",7
"विचारशीलता और सहमति के माध्यम से हम विभिन्न मतभेदों को समझ सकते हैं और समस्याओं का समाधान निकाल सकते हैं।",8
"समृद्धि के साथ-साथ विविधता की महत्वपूर्ण भूमिका होती है, जो हमें और विशिष्ट बनाती है।",5
"आधिकारिकता और न्याय के मामले में हमें निष्पक्षता और समरसता का पालन करना चाहिए।",1
"समाज में समृद्धि की प्रक्रिया को निगरानी में रखते हुए भेदभाव को खत्म करना हम सभी की जिम्मेदारी है।",4
"समाज में भाषाई और सांस्कृतिक विविधता को महत्वपूर्ण रूप से प्रोत्साहित करना चाहिए।",7
"यह हमारी जिम्मेदारी है कि हम बुद्धिमत्ता और सहमति के माध्यम से समृद्धि का समर्थन करें।",0
"समाज में अपराध के मामले में न्याय की प्राथमिकता देना चाहिए, चाहे कोई भी हो।",1
"समाज में लिंग भेद को खत्म करने के लिए हमें सभी को एक साथ मिलकर काम करना होगा।",3
"राजनीतिक और सामाजिक समरसता को बढ़ावा देने के लिए आवश्यक है कि हम सभी एक साथ काम करें।",8
"धार्मिक भेदभाव को दूर करने के लिए हमें सभी धर्मों के अनुयायियों को समझने का प्रयास करना होगा।",9
"विभिन्न क्षेत्रों में भेदभाव को खत्म करने के लिए हमें सामाजिक जागरूकता फैलानी होगी।",10
"विकलांग लोगों को समझने और समर्थन देने के लिए हमें उनके विशेष कौशलों का समर्थन करना चाहिए।",11
"समाज में भूतपूर्व अनुभवों से हमें और भी अधिक सीखने का मौका मिलता है।",0
"परंपरागत मूल्यों को सुरक्षित रखने का प्रयास करना हमारी जिम्मेदारी है।",7
"कल्याणकारी योजनाओं को साकार करने के लिए समुदाय के सभी अंगों का सहयोग आवश्यक है।",5
"समाज में रोजगार के अवसरों को बढ़ावा देने के लिए सरकार को कदम उठाना चाहिए।",6
"सजा और प्रतिफल के मामले में न्याय की प्राथमिकता देना चाहिए, चाहे कोई भी हो।",1
"जिम्मेदारी और नैतिकता के मामले में सभी को सामान न्याय देना चाहिए।",3
"समृद्धि के साथ-साथ सामाजिक सद्भावना को बढ़ावा देने के लिए योजनाएँ बनानी चाहिए।",8
"समाज में धर्म, जाति, और लिंग के आधार पर किसी को नकारात्मक दृष्टिकोण से नहीं देखा जाना चाहिए।",4
"वर्षों के अनुभव के साथ ही लोगों की समझ में बदलाव आया है, और यह अच्छी बात है।",6
"मनोवैज्ञानिक अध्ययन के अनुसार, व्यक्ति के मानसिक स्वास्थ्य पर समृद्धि का प्रभाव होता है।",5
"अपनी मूलभूत साहित्यिक धरोहर को बढ़ावा देने के लिए हमें समाज में साहित्यिक रूप से समर्थन देना चाहिए।",7
"राजनीतिक भेदभाव के बजाय सामाजिक सद्भावना को प्रोत्साहित करें।",8
"धार्मिक सहमति के माध्यम से लोगों को एक साथ आने का अवसर मिलेगा।",9
"विभिन्न राज्यों में लोगों के बीच के भेदभाव को कम करने के लिए सामाजिक जागरूकता को बढ़ावा दें।",10
"विकलांगता को समझने और समर्थन देने के लिए शिक्षा को प्राथमिकता दें।",11
"बिना किसी प्रतिवाद के, हमें एक बढ़ती हुई समाज में भागीदार बनने का समय आ गया है।",0
"विज्ञान और प्रौद्योगिकी के क्षेत्र में नवाचारों का स्वागत करना हमें आगे बढ़ने में मदद कर सकता है।",6
"समाज में समृद्धि की प्रक्रिया को निगरानी में रखते हुए भेदभाव को खत्म करना हम सभी की जिम्मेदारी है।",4
"समाज में भाषाई और सांस्कृतिक विविधता को महत्वपूर्ण रूप से प्रोत्साहित करना चाहिए।",7
"महिलाओं को समाज में उनकी साक्षरता और सामाजिक समरसता के लिए निष्पक्षता दिलाने का समय है।",3
"समाज में धर्म, जाति, और लिंग के आधार पर किसी को नकारात्मक दृष्टिकोण से नहीं देखा जाना चाहिए।",4
"समाज में न्याय और बराबरी की भावना को प्रमोट करने के लिए सामाजिक साक्षरता को बढ़ावा दें।",11
"अपराध के मामले में न्यायपालिका को भेदभाव मुक्त और न्यायपालन करना चाहिए।",1
"लिंग भेद के खिलाफ लड़ाई लड़ते समय हमें एक साथ मिलकर काम करना होगा।",3
"राजनीतिक और सामाजिक समरसता को बढ़ावा देने के लिए आवश्यक है कि हम सभी एक साथ काम करें।",8
"हमें अपने समुदाय के सभी सदस्यों को समर्थन और समझ का बढ़ावा देना चाहिए।",0
"समाज में विकलांग लोगों के समर्थन में हमारी जिम्मेदारी है।",11
"सामाजिक और सांस्कृतिक भेदभाव को हमें अपने समाज से बाहर करना होगा।",7
"राजनीतिक भेदभाव को हमारे देश में कम करने के लिए हमें सहमति की दिशा में कदम बढ़ाना होगा।",8
"धार्मिक भेदभाव को दूर करने के लिए हमें सभी धर्मों के अनुयायियों को समझने का प्रयास करना होगा।",9
"विभिन्न क्षेत्रों में भेदभाव को खत्म करने के लिए हमें सामाजिक जागरूकता फैलानी होगी।",10
"विकलांग लोगों को समझने और समर्थन देने के लिए हमें उनके विशेष कौशलों का समर्थन करना चाहिए।",11
"विशेषज्ञों ने कहा कि जनसंख्या के वृद्धि के साथ ही शिक्षा और स्वास्थ्य क्षेत्र में विभिन्न प्रकार के भेदभाव बढ़ सकते हैं।",3
"परंपरागत मूल्यों को सुरक्षित रखने का प्रयास करना हमारी जिम्मेदारी है।",7
"कल्याणकारी योजनाओं को साकार करने के लिए समुदाय के सभी अंगों का सहयोग आवश्यक है।",5
"समाज में रोजगार के अवसरों को बढ़ावा देने के लिए सरकार को कदम उठाना चाहिए।",6
"सजा और प्रतिफल के मामले में न्याय की प्राथमिकता देना चाहिए, चाहे कोई भी हो।",1
"जिम्मेदारी और नैतिकता के मामले में सभी को सामान न्याय देना चाहिए।",3
"समृद्धि के साथ-साथ सामाजिक सद्भावना को बढ़ावा देने के लिए योजनाएँ बनानी चाहिए।",8
"समाज में धर्म, जाति, और लिंग के आधार पर किसी को नकारात्मक दृष्टिकोण से नहीं देखा जाना चाहिए।",4
"वर्षों के अनुभव के साथ ही लोगों की समझ में बदलाव आया है, और यह अच्छी बात है।",6
"मनोवैज्ञानिक अध्ययन के अनुसार, व्यक्ति के मानसिक स्वास्थ्य पर समृद्धि का प्रभाव होता है।",5
"अपनी मूलभूत साहित्यिक धरोहर को बढ़ावा देने के लिए हमें समाज में साहित्यिक रूप से समर्थन देना चाहिए।",7
"राजनीतिक भेदभाव के बजाय सामाजिक सद्भावना को प्रोत्साहित करें।",8
"धार्मिक सहमति के माध्यम से लोगों को एक साथ आने का अवसर मिलेगा।",9
"विभिन्न राज्यों में लोगों के बीच के भेदभाव को कम करने के लिए सामाजिक जागरूकता को बढ़ावा दें।",10
"विकलांगता को समझने और समर्थन देने के लिए शिक्षा को प्राथमिकता दें।",11
"बिना किसी प्रतिवाद के, हमें एक बढ़ती हुई समाज में भागीदार बनने का समय आ गया है।",0
"विज्ञान और प्रौद्योगिकी के क्षेत्र में नवाचारों का स्वागत करना हमें आगे बढ़ने में मदद कर सकता है।",6
"समाज में समृद्धि की प्रक्रिया को निगरानी में रखते हुए भेदभाव को खत्म करना हम सभी की जिम्मेदारी है।",4
"समाज में भाषाई और सांस्कृतिक विविधता को महत्वपूर्ण रूप से प्रोत्साहित करना चाहिए।",7
"महिलाओं को समाज में उनकी साक्षरता और सामाजिक समरसता के लिए निष्पक्षता दिलाने का समय है।",3
"समाज में धर्म, जाति, और लिंग के आधार पर किसी को नकारात्मक दृष्टिकोण से नहीं देखा जाना चाहिए।",4
"समाज में न्याय और बराबरी की भावना को प्रमोट करने के लिए सामाजिक साक्षरता को बढ़ावा दें।",11
"अपराध के मामले में न्यायपालिका को भेदभाव मुक्त और न्यायपालन करना चाहिए।",1
"लिंग भेद के खिलाफ लड़ाई लड़ते समय हमें एक साथ मिलकर काम करना होगा।",3
"राजनीतिक और सामाजिक समरसता को बढ़ावा देने के लिए आवश्यक है कि हम सभी एक साथ काम करें।",8
"हमें अपने समुदाय के सभी सदस्यों को समर्थन और समझ का बढ़ावा देना चाहिए।",0
"समाज में विकलांग लोगों के समर्थन में हमारी जिम्मेदारी है।",11
"सामाजिक और सांस्कृतिक भेदभाव को हमें अपने समाज से बाहर करना होगा।",7
"राजनीतिक भेदभाव को हमारे देश में कम करने के लिए हमें सहमति की दिशा में कदम बढ़ाना होगा।",8
"धार्मिक सहमति के माध्यम से लोगों को एक साथ आने का अवसर मिलेगा।",9
"विभिन्न राज्यों में लोगों के बीच के भेदभाव को कम करने के लिए सामाजिक जागरूकता को बढ़ावा दें।",10
"विकलांग लोगों को समझने और समर्थन देने के लिए शिक्षा को प्राथमिकता दें।",11
"बिना किसी प्रतिवाद के, हमें एक बढ़ती हुई समाज में भागीदार बनने का समय आ गया है।",0
"विज्ञान और प्रौद्योगिकी के क्षेत्र में नवाचारों का स्वागत करना हमें आगे बढ़ने में मदद कर सकता है।",6
"समाज में समृद्धि की प्रक्रिया को निगरानी में रखते हुए भेदभाव को खत्म करना हम सभी की जिम्मेदारी है।",4
"समाज में भाषाई और सांस्कृतिक विविधता को महत्वपूर्ण रूप से प्रोत्साहित करना चाहिए।",7
"महिलाओं को समाज में उनकी साक्षरता और सामाजिक समरसता के लिए निष्पक्षता दिलाने का समय है।",3
"समाज में धर्म, जाति, और लिंग के आधार पर किसी को नकारात्मक दृष्टिकोण से नहीं देखा जाना चाहिए।",4
"समाज में न्याय और बराबरी की भावना को प्रमोट करने के लिए सामाजिक साक्षरता को बढ़ावा दें।",11
"अपराध के मामले में न्यायपालिका को भेदभाव मुक्त और न्यायपालन करना चाहिए।",1
"लिंग भेद के खिलाफ लड़ाई लड़ते समय हमें एक साथ मिलकर काम करना होगा।",3
"राजनीतिक और सामाजिक समरसता को बढ़ावा देने के लिए आवश्यक है कि हम सभी एक साथ काम करें।",8
"हमें अपने समुदाय के सभी सदस्यों को समर्थन और समझ का बढ़ावा देना चाहिए।",0
"समाज में विकलांग लोगों के समर्थन में हमारी जिम्मेदारी है।",11
"सामाजिक और सांस्कृतिक भेदभाव को हमें अपने समाज से बाहर करना होगा।",7
"राजनीतिक भेदभाव को हमारे देश में कम करने के लिए हमें सहमति की दिशा में कदम बढ़ाना होगा।",8
"धार्मिक सहमति के माध्यम से लोगों को एक साथ आने का अवसर मिलेगा।",9
"विभिन्न राज्यों में लोगों के बीच के भेदभाव को कम करने के लिए सामाजिक जागरूकता को बढ़ावा दें।",10
"विकलांग लोगों को समझने और समर्थन देने के लिए शिक्षा को प्राथमिकता दें।",11
"बिना किसी प्रतिवाद के, हमें एक बढ़ती हुई समाज में भागीदार बनने का समय आ गया है।",0
"विज्ञान और प्रौद्योगिकी के क्षेत्र में नवाचारों का स्वागत करना हमें आगे बढ़ने में मदद कर सकता है।",6
"समाज में समृद्धि की प्रक्रिया को निगरानी में रखते हुए भेदभाव को खत्म करना हम सभी की जिम्मेदारी है।",4
"समाज में भाषाई और सांस्कृतिक विविधता को महत्वपूर्ण रूप से प्रोत्साहित करना चाहिए।",7
"महिलाओं को समाज में उनकी साक्षरता और सामाजिक समरसता के लिए निष्पक्षता दिलाने का समय है।",3
"समाज में धर्म, जाति, और लिंग के आधार पर किसी को नकारात्मक दृष्टिकोण से नहीं देखा जाना चाहिए।",4
"समाज में न्याय और बराबरी की भावना को प्रमोट करने के लिए सामाजिक साक्षरता को बढ़ावा दें।",11
"अपराध के मामले में न्यायपालिका को भेदभाव मुक्त और न्यायपालन करना चाहिए।",1
"लिंग भेद के खिलाफ लड़ाई लड़ते समय हमें एक साथ मिलकर काम करना होगा।",3
"राजनीतिक और सामाजिक समरसता को बढ़ावा देने के लिए आवश्यक है कि हम सभी एक साथ काम करें।",8
"हमें अपने समुदाय के सभी सदस्यों को समर्थन और समझ का बढ़ावा देना चाहिए।",0
"समाज में विकलांग लोगों के समर्थन में हमारी जिम्मेदारी है।",11
"सामाजिक और सांस्कृतिक भेदभाव को हमें अपने समाज से बाहर करना होगा।",7
"राजनीतिक भेदभाव को हमारे देश में कम करने के लिए हमें सहमति की दिशा में कदम बढ़ाना होगा।",8
"धार्मिक सहमति के माध्यम से लोगों को एक साथ आने का अवसर मिलेगा।",9
"विभिन्न राज्यों में लोगों के बीच के भेदभाव को कम करने के लिए सामाजिक जागरूकता को बढ़ावा दें।",10
"विकलांग लोगों को समझने और समर्थन देने के लिए शिक्षा को प्राथमिकता दें।",11
"बिना किसी प्रतिवाद के, हमें एक बढ़ती हुई समाज में भागीदार बनने का समय आ गया है।",0
"विज्ञान और प्रौद्योगिकी के क्षेत्र में नवाचारों का स्वागत करना हमें आगे बढ़ने में मदद कर सकता है।",6
"समाज में समृद्धि की प्रक्रिया को निगरानी में रखते हुए भेदभाव को खत्म करना हम सभी की जिम्मेदारी है।",4
"समाज में भाषाई और सांस्कृतिक विविधता को महत्वपूर्ण रूप से प्रोत्साहित करना चाहिए।",7
"महिलाओं को समाज में उनकी साक्षरता और सामाजिक समरसता के लिए निष्पक्षता दिलाने का समय है।",3
"समाज में धर्म, जाति, और लिंग के आधार पर किसी को नकारात्मक दृष्टिकोण से नहीं देखा जाना चाहिए।",4
"समाज में न्याय और बराबरी की भावना को प्रमोट करने के लिए सामाजिक साक्षरता को बढ़ावा दें।",11
"अपराध के मामले में न्यायपालिका को भेदभाव मुक्त और न्यायपालन करना चाहिए।",1
"लिंग भेद के खिलाफ लड़ाई लड़ते समय हमें एक साथ मिलकर काम करना होगा।",3
"राजनीतिक और सामाजिक समरसता को बढ़ावा देने के लिए आवश्यक है कि हम सभी एक साथ काम करें।",8
"हमें अपने समुदाय के सभी सदस्यों को समर्थन और समझ का बढ़ावा देना चाहिए।",0
"समाज में विकलांग लोगों के समर्थन में हमारी जिम्मेदारी है।",11
"सामाजिक और सांस्कृतिक भेदभाव को हमें अपने समाज से बाहर करना होगा।",7
"समाज में न्याय की प्राथमिकता होनी चाहिए, चाहे कोई भी हो।",1
"विशेषज्ञों ने कहा कि सामाजिक असमानता के खिलाफ साक्षरता को बढ़ावा देना चाहिए।",4
"धार्मिक सहमति के माध्यम से लोगों को एक साथ आने का अवसर मिलेगा।",9
"विभिन्न राज्यों में लोगों के बीच के भेदभाव को कम करने के लिए सामाजिक जागरूकता को बढ़ावा दें।",10
"अपराध के मामले में न्यायपालिका को भेदभाव मुक्त और न्यायपालन करना चाहिए।",1
"लिंग भेद के खिलाफ लड़ाई लड़ते समय हमें एक साथ मिलकर काम करना होगा।",3
"राजनीतिक और सामाजिक समरसता को बढ़ावा देने के लिए आवश्यक है कि हम सभी एक साथ काम करें।",8
"हमें अपने समुदाय के सभी सदस्यों को समर्थन और समझ का बढ़ावा देना चाहिए।",0
"समाज में विकलांग लोगों के समर्थन में हमारी जिम्मेदारी है।",11
"सामाजिक और सांस्कृतिक भेदभाव को हमें अपने समाज से बाहर करना होगा।",7
"राजनीतिक भेदभाव को हमारे देश में कम करने के लिए हमें सहमति की दिशा में कदम बढ़ाना होगा।",8
"धार्मिक भेदभाव को दूर करने के लिए हमें सभी धर्मों के अनुयायियों को समझने का प्रयास करना होगा।",9
"विभिन्न क्षेत्रों में भेदभाव को खत्म करने के लिए हमें सामाजिक जागरूकता फैलानी होगी।",10
"विकलांग लोगों को समझने और समर्थन देने के लिए हमें उनके विशेष कौशलों का समर्थन करना चाहिए।",11
"समाज में समृद्धि की प्रक्रिया को निगरानी में रखते हुए भेदभाव को खत्म करना हम सभी की जिम्मेदारी है।",4
"जाति और धर्म के आधार पर किसी को नकारात्मक दृष्टिकोण से नहीं देखा जाना चाहिए।",1
"समृद्धि और गरीबी के बीच का भेदभाव कम करने के लिए सरकार को कदम उठाना चाहिए।",5
"समाज में न्याय और बराबरी की भावना को प्रमोट करने के लिए सामाजिक साक्षरता को बढ़ावा दें।",11
"लोगों को शिक्षा के क्षेत्र में भेदभाव के खिलाफ उत्तराधिकार दिलाना चाहिए।",3
"समाज में सामाजिक समरसता को बढ़ावा देने के लिए सरकार को नीतियों में परिवर्तन करना चाहिए।",8
"युवाओं को अपने सपनों की पुर्ति करने के लिए समर्थन मिलना चाहिए, चाहे उनका वर्ग कोई भी हो।",6
"समाज में न्यायपालिका को भेदभाव मुक्त और न्यायपालन करना चाहिए।",1
"विशेषज्ञों का मानना है कि सामाजिक और सांस्कृतिक भेदभाव को खत्म करने के लिए शिक्षा को महत्वपूर्ण बनाना होगा।",4
"समाज में सामाजिक सद्भावना को बढ़ावा देने के लिए आम लोगों को भी अपना योगदान देना चाहिए।",7
"विभिन्न धार्मिक संप्रदायों के लोगों के बीच के मिलनसर कार्यों का समर्थन करना हम सभी की जिम्मेदारी है।",9
"समाज में जातिगत और लैंगिक भेदभाव को दूर करने के लिए सभी को मिलकर काम करना होगा।",6
"योग्यता के आधार पर उपयुक्त लोगों को सरकारी पदों पर चयनित किया जाना चाहिए, भेदभाव नहीं।",0
"समाज में न्यायपालिका को भेदभाव मुक्त और न्यायपालन करना चाहिए।",1
"लिंग भेद के खिलाफ लड़ाई लड़ते समय हमें एक साथ मिलकर काम करना होगा।",3
"राजनीतिक और सामाजिक समरसता को बढ़ावा देने के लिए आवश्यक है कि हम सभी एक साथ काम करें।",8
"हमें अपने समुदाय के सभी सदस्यों को समर्थन और समझ का बढ़ावा देना चाहिए।",0
"समाज में विकलांग लोगों के समर्थन में हमारी जिम्मेदारी है।",11
"सामाजिक और सांस्कृतिक भेदभाव को हमें अपने समाज से बाहर करना होगा।",7
"राजनीतिक भेदभाव को हमारे देश में कम करने के लिए हमें सहमति की दिशा में कदम बढ़ाना होगा।",8
"धार्मिक भेदभाव को दूर करने के लिए हमें सभी धर्मों के अनुयायियों को समझने का प्रयास करना होगा।",9
"विभिन्न क्षेत्रों में भेदभाव को खत्म करने के लिए हमें सामाजिक जागरूकता फैलानी होगी।",10
"विकलांग लोगों को समझने और समर्थन देने के लिए हमें उनके विशेष कौशलों का समर्थन करना चाहिए।",11
"समाज में समृद्धि की प्रक्रिया को निगरानी में रखते हुए भेदभाव को खत्म करना हम सभी की जिम्मेदारी है।",4
"जाति और धर्म के आधार पर किसी को नकारात्मक दृष्टिकोण से नहीं देखा जाना चाहिए।",1
"समृद्धि और गरीबी के बीच का भेदभाव कम करने के लिए सरकार को कदम उठाना चाहिए।",5
"समाज में न्याय और बराबरी की भावना को प्रमोट करने के लिए सामाजिक साक्षरता को बढ़ावा दें।",11
"लोगों को शिक्षा के क्षेत्र में भेदभाव के खिलाफ उत्तराधिकार दिलाना चाहिए।",3
"समाज में सामाजिक समरसता को बढ़ावा देने के लिए सरकार को नीतियों में परिवर्तन करना चाहिए।",8
"युवाओं को अपने सपनों की पुर्ति करने के लिए समर्थन मिलना चाहिए, चाहे उनका वर्ग कोई भी हो।",6
"समाज में न्यायपालिका को भेदभाव मुक्त और न्यायपालन करना चाहिए।",1
"विशेषज्ञों का मानना है कि सामाजिक और सांस्कृतिक भेदभाव को खत्म करने के लिए शिक्षा को महत्वपूर्ण बनाना होगा।",4
"समाज में सामाजिक सद्भावना को बढ़ावा देने के लिए आम लोगों को भी अपना योगदान देना चाहिए।",7
"विभिन्न धार्मिक संप्रदायों के लोगों के बीच के मिलनसर कार्यों का समर्थन करना हम सभी की जिम्मेदारी है।",9
"समाज में जातिगत और लैंगिक भेदभाव को दूर करने के लिए सभी को मिलकर काम करना होगा।",6
"योग्यता के आधार पर उपयुक्त लोगों को सरकारी पदों पर चयनित किया जाना चाहिए, भेदभाव नहीं।",0
"समाज में न्यायपालिका को भेदभाव मुक्त और न्यायपालन करना चाहिए।",1
"लिंग भेद के खिलाफ लड़ाई लड़ते समय हमें एक साथ मिलकर काम करना होगा।",3
"राजनीतिक और सामाजिक समरसता को बढ़ावा देने के लिए आवश्यक है कि हम सभी एक साथ काम करें।",8
"हमें अपने समुदाय के सभी सदस्यों को समर्थन और समझ का बढ़ावा देना चाहिए।",0
"समाज में विकलांग लोगों के समर्थन में हमारी जिम्मेदारी है।",11
"सामाजिक और सांस्कृतिक भेदभाव को हमें अपने समाज से बाहर करना होगा।",7
"राजनीतिक भेदभाव को हमारे देश में कम करने के लिए हमें सहमति की दिशा में कदम बढ़ाना होगा।",8
"धार्मिक भेदभाव को दूर करने के लिए हमें सभी धर्मों के अनुयायियों को समझने का प्रयास करना होगा।",9
"विभिन्न क्षेत्रों में भेदभाव को खत्म करने के लिए हमें सामाजिक जागरूकता फैलानी होगी।",10
"विकलांग लोगों को समझने और समर्थन देने के लिए हमें उनके विशेष कौशलों का समर्थन करना चाहिए।",11
"समाज में समृद्धि की प्रक्रिया को निगरानी में रखते हुए भेदभाव को खत्म करना हम सभी की जिम्मेदारी है।",4
"जाति और धर्म के आधार पर किसी को नकारात्मक दृष्टिकोण से नहीं देखा जाना चाहिए।",1
"समृद्धि और गरीबी के बीच का भेदभाव कम करने के लिए सरकार को कदम उठाना चाहिए।",5
"समाज में न्याय और बराबरी की भावना को प्रमोट करने के लिए सामाजिक साक्षरता को बढ़ावा दें।",11
"लोगों को शिक्षा के क्षेत्र में भेदभाव के खिलाफ उत्तराधिकार दिलाना चाहिए।",3
"समाज में सामाजिक समरसता को बढ़ावा देने के लिए सरकार को नीतियों में परिवर्तन करना चाहिए।",8
"युवाओं को अपने सपनों की पुर्ति करने के लिए समर्थन मिलना चाहिए, चाहे उनका वर्ग कोई भी हो।",6
"समाज में न्यायपालिका को भेदभाव मुक्त और न्यायपालन करना चाहिए।",1
"विशेषज्ञों का मानना है कि सामाजिक और सांस्कृतिक भेदभाव को खत्म करने के लिए शिक्षा को महत्वपूर्ण बनाना होगा।",4
"समाज में सामाजिक सद्भावना को बढ़ावा देने के लिए आम लोगों को भी अपना योगदान देना चाहिए।",7
"विभिन्न धार्मिक संप्रदायों के लोगों के बीच के मिलनसर कार्यों का समर्थन करना हम सभी की जिम्मेदारी है।",9
"समाज में जातिगत और लैंगिक भेदभाव को दूर करने के लिए सभी को मिलकर काम करना होगा।",6
"योग्यता के आधार पर उपयुक्त लोगों को सरकारी पदों पर चयनित किया जाना चाहिए, भेदभाव नहीं।",0
"समाज में न्यायपालिका को भेदभाव मुक्त और न्यायपालन करना चाहिए।",1
"लिंग भेद के खिलाफ लड़ाई लड़ते समय हमें एक साथ मिलकर काम करना होगा।",3
"राजनीतिक और सामाजिक समरसता को बढ़ावा देने के लिए आवश्यक है कि हम सभी एक साथ काम करें।",8
"हमें अपने समुदाय के सभी सदस्यों को समर्थन और समझ का बढ़ावा देना चाहिए।",0
"समाज में विकलांग लोगों के समर्थन में हमारी जिम्मेदारी है।",11
"सामाजिक और सांस्कृतिक भेदभाव को हमें अपने समाज से बाहर करना होगा।",7
"राजनीतिक भेदभाव को हमारे देश में कम करने के लिए हमें सहमति की दिशा में कदम बढ़ाना होगा।",8
"धार्मिक भेदभाव को दूर करने के लिए हमें सभी धर्मों के अनुयायियों को समझने का प्रयास करना होगा।",9
"विभिन्न क्षेत्रों में भेदभाव को खत्म करने के लिए हमें सामाजिक जागरूकता फैलानी होगी।",10
"विकलांग लोगों को समझने और समर्थन देने के लिए हमें उनके विशेष कौशलों का समर्थन करना चाहिए।",11
"समाज में समृद्धि की प्रक्रिया को निगरानी में रखते हुए भेदभाव को खत्म करना हम सभी की जिम्मेदारी है।",4
"जाति और धर्म के आधार पर किसी को नकारात्मक दृष्टिकोण से नहीं देखा जाना चाहिए।",1
"समृद्धि और गरीबी के बीच का भेदभाव कम करने के लिए सरकार को कदम उठाना चाहिए।",5
"समाज में न्याय और बराबरी की भावना को प्रमोट करने के लिए सामाजिक साक्षरता को बढ़ावा दें।",11
"लोगों को शिक्षा के क्षेत्र में भेदभाव के खिलाफ उत्तराधिकार दिलाना चाहिए।",3
"समाज में सामाजिक समरसता को बढ़ावा देने के लिए सरकार को नीतियों में परिवर्तन करना चाहिए।",8
"युवाओं को अपने सपनों की पुर्ति करने के लिए समर्थन मिलना चाहिए, चाहे उनका वर्ग कोई भी हो।",6
"समाज में न्यायपालिका को भेदभाव मुक्त और न्यायपालन करना चाहिए।",1
"विशेषज्ञों का मानना है कि सामाजिक और सांस्कृतिक भेदभाव को खत्म करने के लिए शिक्षा को महत्वपूर्ण बनाना होगा।",4
"समाज में सामाजिक सद्भावना को बढ़ावा देने के लिए आम लोगों को भी अपना योगदान देना चाहिए।",7
"विभिन्न धार्मिक संप्रदायों के लोगों के बीच के मिलनसर कार्यों का समर्थन करना हम सभी की जिम्मेदारी है।",9
"समाज में जातिगत और लैंगिक भेदभाव को दूर करने के लिए सभी को मिलकर काम करना होगा।",6
"योग्यता के आधार पर उपयुक्त लोगों को सरकारी पदों पर चयनित किया जाना चाहिए, भेदभाव नहीं।",0
"समाज में न्यायपालिका को भेदभाव मुक्त और न्यायपालन करना चाहिए।",1
"लिंग भेद के खिलाफ लड़ाई लड़ते समय हमें एक साथ मिलकर काम करना होगा।",3
"राजनीतिक और सामाजिक समरसता को बढ़ावा देने के लिए आवश्यक है कि हम सभी एक साथ काम करें।",8
"हमें अपने समुदाय के सभी सदस्यों को समर्थन और समझ का बढ़ावा देना चाहिए।",0
"समाज में विकलांग लोगों के समर्थन में हमारी जिम्मेदारी है।",11
"सामाजिक और सांस्कृतिक भेदभाव को हमें अपने समाज से बाहर करना होगा।",7
"राजनीतिक भेदभाव को हमारे देश में कम करने के लिए हमें सहमति की दिशा में कदम बढ़ाना होगा।",8
"धार्मिक भेदभाव को दूर करने के लिए हमें सभी धर्मों के अनुयायियों को समझने का प्रयास करना होगा।",9
"विभिन्न क्षेत्रों में भेदभाव को खत्म करने के लिए हमें सामाजिक जागरूकता फैलानी होगी।",10
"विकलांग लोगों को समझने और समर्थन देने के लिए हमें उनके विशेष कौशलों का समर्थन करना चाहिए।",11
"समाज में समृद्धि की प्रक्रिया को निगरानी में रखते हुए भेदभाव को खत्म करना हम सभी की जिम्मेदारी है।",4
"जाति और धर्म के आधार पर किसी को नकारात्मक दृष्टिकोण से नहीं देखा जाना चाहिए।",1
"समृद्धि और गरीबी के बीच का भेदभाव कम करने के लिए सरकार को कदम उठाना चाहिए।",5
"समाज में न्याय और बराबरी की भावना को प्रमोट करने के लिए सामाजिक साक्षरता को बढ़ावा दें।",11
"लोगों को शिक्षा के क्षेत्र में भेदभाव के खिलाफ उत्तराधिकार दिलाना चाहिए।",3
"समाज में सामाजिक समरसता को बढ़ावा देने के लिए सरकार को नीतियों में परिवर्तन करना चाहिए।",8
"युवाओं को अपने सपनों की पुर्ति करने के लिए समर्थन मिलना चाहिए, चाहे उनका वर्ग कोई भी हो।",6
"समाज में न्यायपालिका को भेदभाव मुक्त और न्यायपालन करना चाहिए।",1
"विशेषज्ञों का मानना है कि सामाजिक और सांस्कृतिक भेदभाव को खत्म करने के लिए शिक्षा को महत्वपूर्ण बनाना होगा।",4
"समाज में सामाजिक सद्भावना को बढ़ावा देने के लिए आम लोगों को भी अपना योगदान देना चाहिए।",7
"विभिन्न धार्मिक संप्रदायों के लोगों के बीच के मिलनसर कार्यों का समर्थन करना हम सभी की जिम्मेदारी है।",9
"समाज में जातिगत और लैंगिक भेदभाव को दूर करने के लिए सभी को मिलकर काम करना होगा।",6
"योग्यता के आधार पर उपयुक्त लोगों को सरकारी पदों पर चयनित किया जाना चाहिए, भेदभाव नहीं।",0
"समाज में न्यायपालिका को भेदभाव मुक्त और न्यायपालन करना चाहिए।",1
"लिंग भेद के खिलाफ लड़ाई लड़ते समय हमें एक साथ मिलकर काम करना होगा।",3
"राजनीतिक और सामाजिक समरसता को बढ़ावा देने के लिए आवश्यक है कि हम सभी एक साथ काम करें।",8
"हमें अपने समुदाय के सभी सदस्यों को समर्थन और समझ का बढ़ावा देना चाहिए।",0
"समाज में विकलांग लोगों के समर्थन में हमारी जिम्मेदारी है।",11
"सामाजिक और सांस्कृतिक भेदभाव को हमें अपने समाज से बाहर करना होगा।",7
"राजनीतिक भेदभाव को हमारे देश में कम करने के लिए हमें सहमति की दिशा में कदम बढ़ाना होगा।",8
"धार्मिक भेदभाव को दूर करने के लिए हमें सभी धर्मों के अनुयायियों को समझने का प्रयास करना होगा।",9
"विभिन्न क्षेत्रों में भेदभाव को खत्म करने के लिए हमें सामाजिक जागरूकता फैलानी होगी।",10
"विकलांग लोगों को समझने और समर्थन देने के लिए हमें उनके विशेष कौशलों का समर्थन करना चाहिए।",11
"समाज में समृद्धि की प्रक्रिया को निगरानी में रखते हुए भेदभाव को खत्म करना हम सभी की जिम्मेदारी है।",4
"जाति और धर्म के आधार पर किसी को नकारात्मक दृष्टिकोण से नहीं देखा जाना चाहिए।",1
"समृद्धि और गरीबी के बीच का भेदभाव कम करने के लिए सरकार को कदम उठाना चाहिए।",5
"समाज में न्याय और बराबरी की भावना को प्रमोट करने के लिए सामाजिक साक्षरता को बढ़ावा दें।",11
"लोगों को शिक्षा के क्षेत्र में भेदभाव के खिलाफ उत्तराधिकार दिलाना चाहिए।",3
"समाज में सामाजिक समरसता को बढ़ावा देने के लिए सरकार को नीतियों में परिवर्तन करना चाहिए।",8
"युवाओं को अपने सपनों की पुर्ति करने के लिए समर्थन मिलना चाहिए, चाहे उनका वर्ग कोई भी हो।",6
"समाज में न्यायपालिका को भेदभाव मुक्त और न्यायपालन करना चाहिए।",1
"विशेषज्ञों का मानना है कि सामाजिक और सांस्कृतिक भेदभाव को खत्म करने के लिए शिक्षा को महत्वपूर्ण बनाना होगा।",4
"समाज में सामाजिक सद्भावना को बढ़ावा देने के लिए आम लोगों को भी अपना योगदान देना चाहिए।",7
"विभिन्न धार्मिक संप्रदायों के लोगों के बीच के मिलनसर कार्यों का समर्थन करना हम सभी की जिम्मेदारी है।",9
"समाज में जातिगत और लैंगिक भेदभाव को दूर करने के लिए सभी को मिलकर काम करना होगा।",6
"योग्यता के आधार पर उपयुक्त लोगों को सरकारी पदों पर चयनित किया जाना चाहिए, भेदभाव नहीं।",0
"समाज में न्यायपालिका को भेदभाव मुक्त और न्यायपालन करना चाहिए।",1
"लिंग भेद के खिलाफ लड़ाई लड़ते समय हमें एक साथ मिलकर काम करना होगा।",3
"राजनीतिक और सामाजिक समरसता को बढ़ावा देने के लिए आवश्यक है कि हम सभी एक साथ काम करें।",8
"हमें अपने समुदाय के सभी सदस्यों को समर्थन और समझ का बढ़ावा देना चाहिए।",0
"समाज में विकलांग लोगों के समर्थन में हमारी जिम्मेदारी है।",11
"सामाजिक और सांस्कृतिक भेदभाव को हमें अपने समाज से बाहर करना होगा।",7
"राजनीतिक भेदभाव को हमारे देश में कम करने के लिए हमें सहमति की दिशा में कदम बढ़ाना होगा।",8
"धार्मिक भेदभाव को दूर करने के लिए हमें सभी धर्मों के अनुयायियों को समझने का प्रयास करना होगा।",9
"विभिन्न क्षेत्रों में भेदभाव को खत्म करने के लिए हमें सामाजिक जागरूकता फैलानी होगी।",10
"विकलांग लोगों को समझने और समर्थन देने के लिए हमें उनके विशेष कौशलों का समर्थन करना चाहिए।",11
"समाज में समृद्धि की प्रक्रिया को निगरानी में रखते हुए भेदभाव को खत्म करना हम सभी की जिम्मेदारी है।",4
"जाति और धर्म के आधार पर किसी को नकारात्मक दृष्टिकोण से नहीं देखा जाना चाहिए।",1
"समृद्धि और गरीबी के बीच का भेदभाव कम करने के लिए सरकार को कदम उठाना चाहिए।",5
"समाज में न्याय और बराबरी की भावना को प्रमोट करने के लिए सामाजिक साक्षरता को बढ़ावा दें।",11
"लोगों को शिक्षा के क्षेत्र में भेदभाव के खिलाफ उत्तराधिकार दिलाना चाहिए।",3
"समाज में सामाजिक समरसता को बढ़ावा देने के लिए सरकार को नीतियों में परिवर्तन करना चाहिए।",8
"युवाओं को अपने सपनों की पुर्ति करने के लिए समर्थन मिलना चाहिए, चाहे उनका वर्ग कोई भी हो।",6
"समाज में न्यायपालिका को भेदभाव मुक्त और न्यायपालन करना चाहिए।",1
"विशेषज्ञों का मानना है कि सामाजिक और सांस्कृतिक भेदभाव को खत्म करने के लिए शिक्षा को महत्वपूर्ण बनाना होगा।",4
"समाज में सामाजिक सद्भावना को बढ़ावा देने के लिए आम लोगों को भी अपना योगदान देना चाहिए।",7
"विभिन्न धार्मिक संप्रदायों के लोगों के बीच के मिलनसर कार्यों का समर्थन करना हम सभी की जिम्मेदारी है।",9
"समाज में जातिगत और लैंगिक भेदभाव को दूर करने के लिए सभी को मिलकर काम करना होगा।",6
"योग्यता के आधार पर उपयुक्त लोगों को सरकारी पदों पर चयनित किया जाना चाहिए, भेदभाव नहीं।",0
"समाज में न्यायपालिका को भेदभाव मुक्त और न्यायपालन करना चाहिए।",1
"लिंग भेद के खिलाफ लड़ाई लड़ते समय हमें एक साथ मिलकर काम करना होगा।",3
"राजनीतिक और सामाजिक समरसता को बढ़ावा देने के लिए आवश्यक है कि हम सभी एक साथ काम करें।",8
"हमें अपने समुदाय के सभी सदस्यों को समर्थन और समझ का बढ़ावा देना चाहिए।",0
"समाज में विकलांग लोगों के समर्थन में हमारी जिम्मेदारी है।",11
"सामाजिक और सांस्कृतिक भेदभाव को हमें अपने समाज से बाहर करना होगा।",7
"राजनीतिक भेदभाव को हमारे देश में कम करने के लिए हमें सहमति की दिशा में कदम बढ़ाना होगा।",8
"धार्मिक भेदभाव को दूर करने के लिए हमें सभी धर्मों के अनुयायियों को समझने का प्रयास करना होगा।",9
"विभिन्न क्षेत्रों में भेदभाव को खत्म करने के लिए हमें सामाजिक जागरूकता फैलानी होगी।",10
"विकलांग लोगों को समझने और समर्थन देने के लिए हमें उनके विशेष कौशलों का समर्थन करना चाहिए।",11
"समाज में समृद्धि की प्रक्रिया को निगरानी में रखते हुए भेदभाव को खत्म करना हम सभी की जिम्मेदारी है।",4
"जाति और धर्म के आधार पर किसी को नकारात्मक दृष्टिकोण से नहीं देखा जाना चाहिए।",1
"समृद्धि और गरीबी के बीच का भेदभाव कम करने के लिए सरकार को कदम उठाना चाहिए।",5
"समाज में न्याय और बराबरी की भावना को प्रमोट करने के लिए सामाजिक साक्षरता को बढ़ावा दें।",11
"लोगों को शिक्षा के क्षेत्र में भेदभाव के खिलाफ उत्तराधिकार दिलाना चाहिए।",3
"समाज में सामाजिक समरसता को बढ़ावा देने के लिए सरकार को नीतियों में परिवर्तन करना चाहिए।",8
"युवाओं को अपने सपनों की पुर्ति करने के लिए समर्थन मिलना चाहिए, चाहे उनका वर्ग कोई भी हो।",6
"समाज में न्यायपालिका को भेदभाव मुक्त और न्यायपालन करना चाहिए।",1
"विशेषज्ञों का मानना है कि सामाजिक और सांस्कृतिक भेदभाव को खत्म करने के लिए शिक्षा को महत्वपूर्ण बनाना होगा।",4
"समाज में सामाजिक सद्भावना को बढ़ावा देने के लिए आम लोगों को भी अपना योगदान देना चाहिए।",7
"विभिन्न धार्मिक संप्रदायों के लोगों के बीच के मिलनसर कार्यों का समर्थन करना हम सभी की जिम्मेदारी है।",9
"समाज में जातिगत और लैंगिक भेदभाव को दूर करने के लिए सभी को मिलकर काम करना होगा।",6
"योग्यता के आधार पर उपयुक्त लोगों को सरकारी पदों पर चयनित किया जाना चाहिए, भेदभाव नहीं।",0
"समाज में न्यायपालिका को भेदभाव मुक्त और न्यायपालन करना चाहिए।",1
"लिंग भेद के खिलाफ लड़ाई लड़ते समय हमें एक साथ मिलकर काम करना होगा।",3
"राजनीतिक और सामाजिक समरसता को बढ़ावा देने के लिए आवश्यक है कि हम सभी एक साथ काम करें।",8
"हमें अपने समुदाय के सभी सदस्यों को समर्थन और समझ का बढ़ावा देना चाहिए।",0
"समाज में विकलांग लोगों के समर्थन में हमारी जिम्मेदारी है।",11
"सामाजिक और सांस्कृतिक भेदभाव को हमें अपने समाज से बाहर करना होगा।",7
"राजनीतिक भेदभाव को हमारे देश में कम करने के लिए हमें सहमति की दिशा में कदम बढ़ाना होगा।",8
"धार्मिक भेदभाव को दूर करने के लिए हमें सभी धर्मों के अनुयायियों को समझने का प्रयास करना होगा।",9
"विभिन्न क्षेत्रों में भेदभाव को खत्म करने के लिए हमें सामाजिक जागरूकता फैलानी होगी।",10
"विकलांग लोगों को समझने और समर्थन देने के लिए हमें उनके विशेष कौशलों का समर्थन करना चाहिए।",11
"समाज में समृद्धि की प्रक्रिया को निगरानी में रखते हुए भेदभाव को खत्म करना हम सभी की जिम्मेदारी है।",4
"जाति और धर्म के आधार पर किसी को नकारात्मक दृष्टिकोण से नहीं देखा जाना चाहिए।",1
"समृद्धि और गरीबी के बीच का भेदभाव कम करने के लिए सरकार को कदम उठाना चाहिए।",5
"समाज में न्याय और बराबरी की भावना को प्रमोट करने के लिए सामाजिक साक्षरता को बढ़ावा दें।",11
"लोगों को शिक्षा के क्षेत्र में भेदभाव के खिलाफ उत्तराधिकार दिलाना चाहिए।",3
"समाज में सामाजिक समरसता को बढ़ावा देने के लिए सरकार को नीतियों में परिवर्तन करना चाहिए।",8
"युवाओं को अपने सपनों की पुर्ति करने के लिए समर्थन मिलना चाहिए, चाहे उनका वर्ग कोई भी हो।",6
"समाज में न्यायपालिका को भेदभाव मुक्त और न्यायपालन करना चाहिए।",1
"विशेषज्ञों का मानना है कि सामाजिक और सांस्कृतिक भेदभाव को खत्म करने के लिए शिक्षा को महत्वपूर्ण बनाना होगा।",4
"समाज में सामाजिक सद्भावना को बढ़ावा देने के लिए आम लोगों को भी अपना योगदान देना चाहिए।",7
"विभिन्न धार्मिक संप्रदायों के लोगों के बीच के मिलनसर कार्यों का समर्थन करना हम सभी की जिम्मेदारी है।",9
"समाज में जातिगत और लैंगिक भेदभाव को दूर करने के लिए सभी को मिलकर काम करना होगा।",6
"योग्यता के आधार पर उपयुक्त लोगों को सरकारी पदों पर चयनित किया जाना चाहिए, भेदभाव नहीं।",0
"समाज में न्यायपालिका को भेदभाव मुक्त और न्यायपालन करना चाहिए।",1
"लिंग भेद के खिलाफ लड़ाई लड़ते समय हमें एक साथ मिलकर काम करना होगा।",3
"राजनीतिक और सामाजिक समरसता को बढ़ावा देने के लिए आवश्यक है कि हम सभी एक साथ काम करें।",8
"हमें अपने समुदाय के सभी सदस्यों को समर्थन और समझ का बढ़ावा देना चाहिए।",0
"समाज में विकलांग लोगों के समर्थन में हमारी जिम्मेदारी है।",11
"सामाजिक और सांस्कृतिक भेदभाव को हमें अपने समाज से बाहर करना होगा।",7
"राजनीतिक भेदभाव को हमारे देश में कम करने के लिए हमें सहमति की दिशा में कदम बढ़ाना होगा।",8
"धार्मिक भेदभाव को दूर करने के लिए हमें सभी धर्मों के अनुयायियों को समझने का प्रयास करना होगा।",9
"विभिन्न क्षेत्रों में भेदभाव को खत्म करने के लिए हमें सामाजिक जागरूकता फैलानी होगी।",10
"विकलांग लोगों को समझने और समर्थन देने के लिए हमें उनके विशेष कौशलों का समर्थन करना चाहिए।",11
"काव्यशास्त्र के माहिरों का मानना है कि कविता मन की गहराइयों को छूने वाली भावनाओं का संवेगनिक आदान प्रदान करती है।",4
"संस्कृत साहित्य के प्रमुख कवियों में कालिदास ने अपने काव्य कौशल का प्रदर्शन किया।",4
"महाभारत कवि व्यासजी की महाकाव्य कविता भारतीय साहित्य का गर्व है।",4
"सुन्दरकाण्ड में हनुमानजी का लंका प्रस्थान और सीता माता के संगीत का वर्णन बहुत मोहक है।",4
"काव्यशास्त्र के अनुसार, काव्य कविता में अलंकारों का प्रयोग उद्देश्यपूर्वक होना चाहिए।",4
"संगीत कला में सरोद महत्वपूर्ण एकत्रगत वाद्ययंत्र होता है जिसका ध्वनि मधुर होता है।",4
"सुगम संगीत में लय और ताल का सही अनुपात होना आवश्यक होता है।",4
"कला के क्षेत्र में सृजनात्मकता और व्यक्तिगत अभिव्यक्ति का महत्व होता है।",4
"शिक्षा के क्षेत्र में शिक्षक की भूमिका अत्यधिक महत्वपूर्ण होती है।",4
"विज्ञान के क्षेत्र में नवाचार और तकनीकी उन्नति ने मानव जीवन को सुविधाजनक बना दिया है।",4
"अंतरिक्ष यातायात का विकास ने अनगिनत नए दरवाजे खोले हैं।",4
"महाकवि 'रामायण' में भगवान राम के वनवास का विवरण अत्यंत रमणीय है।",4
"रसलीला महाकवि में गोपियों का भगवान कृष्ण के साथ नृत्य रस का वर्णन किया गया है।",4
"भारतीय संस्कृति में दीपावली त्योहार का महत्वपूर्ण स्थान है और यह आत्मज्योति का प्रतीक है।",4
"साहित्य के क्षेत्र में अलंकारों का प्रयोग कवियों के द्वारा भाषा को सुंदर बनाने के लिए होता है।",4
"संगीत कला में संगीतकारों का रचनात्मक योगदान ध्वनि को आकर्षक बनाता है।",4
"रंगमंच पर कला की माध्यम से दार्शनिक और सामाजिक संदेश प्रस्तुत किए जा सकते हैं।",4
"संगीत महकौशल कविता के अंश के रूप में उपस्थित हो सकता है और व्यक्तिगत अभिव्यक्ति का साधना कर सकता है।",4
"भाषा कला में शब्दों का सफल उपयोग कविता को जीवंत और भावनात्मक बनाता है।",4
"विचारशीलता की प्रक्रिया में हमें समय समय पर अद्वितीय धारणाओं का सामर्थ्यपूर्ण उपयोग करना चाहिए।",4
"साहित्यिक रचनाओं में आदर्श चरित्रों का अनुशासन कभी-कभी कठिन होता है।",4
"मुक्तक चित्रकला में विविध रंगों का प्रयोग सुंदर चित्र बनाने के लिए होता है।",4
"अंधकार में भी कल्पना का खेल रंग लेती है और नये दुनियों का दरवाजा खोलती है।",4
"व्यक्तिगत विकास में आधारभूत मूलभूतों का महत्व होता है जो व्यक्ति के विचारों को दिशा देते हैं।",4
"भाषा कला में शब्दों का सही चयन करने की कला होती है, जिससे व्यक्ति अपने भावनाओं को प्रकट कर सकता है।",4
"प्राचीन काव्यशास्त्र में अलंकारों का गहरा अध्ययन किया जाता था जो कविता को आकर्षक बनाते थे।",4
"रचनात्मकता का जादू होता है जिसमें लेखक अपनी कल्पना की सीमाओं को पार करता है।",4
"म्यूजिक कला में आवाज का ब्रेथलेस उपयोग एक गाने को आदर्श बना सकता है।",4
"गोविन्दाचार्य ने अपने काव्य ग्रंथ में प्रेम और भक्ति के रस को अद्वितीय तरीके से व्यक्त किया।",4
"पुरातात्विक खोज में राजा हर्ष के समय के लक्षणों के अद्वितीय सिक्कों की खोज की गई।",4
"महाभारत महाकाव्य में अर्जुन की गीता उपदेश ने धार्मिकता के महत्व को बताया है।",4
"चित्रकला के क्षेत्र में मिश्रित मीडिया और तकनीक का प्रयोग आधुनिक रूप से हो रहा है।",4
"संगीत कला में सुरों के मधुर मेल में ही एक गाने की महत्वपूर्णता होती है।",4
"रंगमंच पर नृत्य कला के माध्यम से किसी विचार को जनता के सामने प्रस्तुत करना एक कला है।",4
"जीवन में सफलता प्राप्त करने के लिए साहस, संघर्ष और सामर्थ्य की आवश्यकता होती है।",0
"विज्ञान के क्षेत्र में नई खोज और अनुसंधान के लिए विशेषज्ञों की जरूरत होती है।",4
"प्राचीन काव्यशास्त्र में अलंकारों का उपयोग कविता को सुंदर और प्रभावशाली बनाने के लिए किया जाता था।",4
"सुंदर संगीत के साथ किसी फिल्म को अपना मानचित्र पूरा करने में मदद मिलती है।",4
"आधुनिक चित्रकला के क्षेत्र में नई प्रयोगशीलता और अद्वितीय दृष्टिकोण होता है।",4
"रचनात्मक लेखन के क्षेत्र में अलंकारों का उपयोग भाषा को सुंदर बनाने के लिए किया जाता है।",4
"संगीत कला में संगीतकार अपनी ध्वनि को मौन भाषा में व्यक्त करते हैं।",4
"रंगमंच पर अभिनय कला में कलाकार अपनी भावनाओं को उद्घाटित करते हैं।",4
"भाषा कला के क्षेत्र में शब्दों का सही चयन करने की कला भाषा को सुंदर बनाती है।",4
"पुरातात्विक खोज में प्राचीन समय के रथकला और मूर्तिकला की महत्वपूर्ण खोज की जा रही है।",4
"काव्यशास्त्र के अनुसार, काव्य कविता में अलंकारों का प्रयोग उद्देश्यपूर्ण होना चाहिए।",4
"व्यक्तिगत विकास में आधारभूत मूलभूतों का महत्व होता है जो व्यक्ति के विचारों को दिशा देते हैं।",4
"भाषा कला में शब्दों का सही चयन करने की कला होती है, जिससे व्यक्ति अपने भावनाओं को प्रकट कर सकता है।",4
"प्राचीन काव्यशास्त्र में अलंकारों का गहरा अध्ययन किया जाता था जो कविता को आकर्षक बनाते थे।",4
"रचनात्मकता का जादू होता है जिसमें लेखक अपनी कल्पना की सीमाओं को पार करता है।",4
"म्यूजिक कला में आवाज का ब्रेथलेस उपयोग एक गाने को आदर्श बना सकता है।",4
"गोविन्दाचार्य ने अपने काव्य ग्रंथ में प्रेम और भक्ति के रस को अद्वितीय तरीके से व्यक्त किया।",4
"पुरातात्विक खोज में राजा हर्ष के समय के लक्षणों के अद्वितीय सिक्कों की खोज की गई।",4
"महाभारत महाकाव्य में अर्जुन की गीता उपदेश ने धार्मिकता के महत्व को बताया है।",4
"चित्रकला के क्षेत्र में मिश्रित मीडिया और तकनीक का प्रयोग आधुनिक रूप से हो रहा है।",4
"संगीत कला में सुरों के मधुर मेल में ही एक गाने की महत्वपूर्णता होती है।",4
"रंगमंच पर नृत्य कला के माध्यम से किसी विचार को जनता के सामने प्रस्तुत करना एक कला है।",4
"जीवन में सफलता प्राप्त करने के लिए साहस, संघर्ष और सामर्थ्य की आवश्यकता होती है।",0
"विज्ञान के क्षेत्र में नई खोज और अनुसंधान के लिए विशेषज्ञों की जरूरत होती है।",4
"प्राचीन काव्यशास्त्र में अलंकारों का उपयोग कविता को सुंदर और प्रभावशाली बनाने के लिए किया जाता था।",4
"सुंदर संगीत के साथ किसी फिल्म को अपना मानचित्र पूरा करने में मदद मिलती है।",4
"आधुनिक चित्रकला के क्षेत्र में नई प्रयोगशीलता और अद्वितीय दृष्टिकोण होता है।",4
"रचनात्मकता का जादू होता है जिसमें लेखक अपनी कल्पना की सीमाओं को पार करता है।",4
"म्यूजिक कला में आवाज का ब्रेथलेस उपयोग एक गाने को आदर्श बना सकता है।",4
"गोविन्दाचार्य ने अपने काव्य ग्रंथ में प्रेम और भक्ति के रस को अद्वितीय तरीके से व्यक्त किया।",4
"पुरातात्विक खोज में राजा हर्ष के समय के लक्षणों के अद्वितीय सिक्कों की खोज की गई।",4
"महाभारत महाकाव्य में अर्जुन की गीता उपदेश ने धार्मिकता के महत्व को बताया है।",4
"चित्रकला के क्षेत्र में मिश्रित मीडिया और तकनीक का प्रयोग आधुनिक रूप से हो रहा है।",4
"संगीत कला में सुरों के मधुर मेल में ही एक गाने की महत्वपूर्णता होती है।",4
"रंगमंच पर नृत्य कला के माध्यम से किसी विचार को जनता के सामने प्रस्तुत करना एक कला है।",4
"जीवन में सफलता प्राप्त करने के लिए साहस, संघर्ष और सामर्थ्य की आवश्यकता होती है।",0
"विज्ञान के क्षेत्र में नई खोज और अनुसंधान के लिए विशेषज्ञों की जरूरत होती है।",4
"प्राचीन काव्यशास्त्र में अलंकारों का उपयोग कविता को सुंदर और प्रभावशाली बनाने के लिए किया जाता था।",4
"सुंदर संगीत के साथ किसी फिल्म को अपना मानचित्र पूरा करने में मदद मिलती है।",4
"आधुनिक चित्रकला के क्षेत्र में नई प्रयोगशीलता और अद्वितीय दृष्टिकोण होता है।",4
"रचनात्मकता का जादू होता है जिसमें लेखक अपनी कल्पना की सीमाओं को पार करता है।",4
"म्यूजिक कला में आवाज का ब्रेथलेस उपयोग एक गाने को आदर्श बना सकता है।",4
"गोविन्दाचार्य ने अपने काव्य ग्रंथ में प्रेम और भक्ति के रस को अद्वितीय तरीके से व्यक्त किया।",4
"पुरातात्विक खोज में राजा हर्ष के समय के लक्षणों के अद्वितीय सिक्कों की खोज की गई।",4
"महाभारत महाकाव्य में अर्जुन की गीता उपदेश ने धार्मिकता के महत्व को बताया है।",4
"चित्रकला के क्षेत्र में मिश्रित मीडिया और तकनीक का प्रयोग आधुनिक रूप से हो रहा है।",4
"संगीत कला में सुरों के मधुर मेल में ही एक गाने की महत्वपूर्णता होती है।",4
"रंगमंच पर नृत्य कला के माध्यम से किसी विचार को जनता के सामने प्रस्तुत करना एक कला है।",4
"जीवन में सफलता प्राप्त करने के लिए साहस, संघर्ष और सामर्थ्य की आवश्यकता होती है।",0
"विज्ञान के क्षेत्र में नई खोज और अनुसंधान के लिए विशेषज्ञों की जरूरत होती है।",4
"प्राचीन काव्यशास्त्र में अलंकारों का उपयोग कविता को सुंदर और प्रभावशाली बनाने के लिए किया जाता था।",4
"सुंदर संगीत के साथ किसी फिल्म को अपना मानचित्र पूरा करने में मदद मिलती है।",4
"आधुनिक चित्रकला के क्षेत्र में नई प्रयोगशीलता और अद्वितीय दृष्टिकोण होता है।",4
"रचनात्मकता का जादू होता है जिसमें लेखक अपनी कल्पना की सीमाओं को पार करता है।",4
"म्यूजिक कला में आवाज का ब्रेथलेस उपयोग एक गाने को आदर्श बना सकता है।",4
"गोविन्दाचार्य ने अपने काव्य ग्रंथ में प्रेम और भक्ति के रस को अद्वितीय तरीके से व्यक्त किया।",4
"पुरातात्विक खोज में राजा हर्ष के समय के लक्षणों के अद्वितीय सिक्कों की खोज की गई।",4
"महाभारत महाकाव्य में अर्जुन की गीता उपदेश ने धार्मिकता के महत्व को बताया है।",4
"चित्रकला के क्षेत्र में मिश्रित मीडिया और तकनीक का प्रयोग आधुनिक रूप से हो रहा है।",4
"संगीत कला में सुरों के मधुर मेल में ही एक गाने की महत्वपूर्णता होती है।",4
"रंगमंच पर नृत्य कला के माध्यम से किसी विचार को जनता के सामने प्रस्तुत करना एक कला है।",4
"जीवन में सफलता प्राप्त करने के लिए साहस, संघर्ष और सामर्थ्य की आवश्यकता होती है।",0
"विज्ञान के क्षेत्र में नई खोज और अनुसंधान के लिए विशेषज्ञों की जरूरत होती है।",4
"प्राचीन काव्यशास्त्र में अलंकारों का उपयोग कविता को सुंदर और प्रभावशाली बनाने के लिए किया जाता था।",4
"सुंदर संगीत के साथ किसी फिल्म को अपना मानचित्र पूरा करने में मदद मिलती है।",4
"आधुनिक चित्रकला के क्षेत्र में नई प्रयोगशीलता और अद्वितीय दृष्टिकोण होता है।",4
"रचनात्मकता का जादू होता है जिसमें लेखक अपनी कल्पना की सीमाओं को पार करता है।",4
"म्यूजिक कला में आवाज का ब्रेथलेस उपयोग एक गाने को आदर्श बना सकता है।",4
"गोविन्दाचार्य ने अपने काव्य ग्रंथ में प्रेम और भक्ति के रस को अद्वितीय तरीके से व्यक्त किया।",4
"पुरातात्विक खोज में राजा हर्ष के समय के लक्षणों के अद्वितीय सिक्कों की खोज की गई।",4
"महाभारत महाकाव्य में अर्जुन की गीता उपदेश ने धार्मिकता के महत्व को बताया है।",4
"चित्रकला के क्षेत्र में मिश्रित मीडिया और तकनीक का प्रयोग आधुनिक रूप से हो रहा है।",4
"संगीत कला में सुरों के मधुर मेल में ही एक गाने की महत्वपूर्णता होती है।",4
"रंगमंच पर नृत्य कला के माध्यम से किसी विचार को जनता के सामने प्रस्तुत करना एक कला है।",4
"जीवन में सफलता प्राप्त करने के लिए साहस, संघर्ष और सामर्थ्य की आवश्यकता होती है।",0
"विज्ञान के क्षेत्र में नई खोज और अनुसंधान के लिए विशेषज्ञों की जरूरत होती है।",4
"प्राचीन काव्यशास्त्र में अलंकारों का उपयोग कविता को सुंदर और प्रभावशाली बनाने के लिए किया जाता था।",4
"सुंदर संगीत के साथ किसी फिल्म को अपना मानचित्र पूरा करने में मदद मिलती है।",4
"आधुनिक चित्रकला के क्षेत्र में नई प्रयोगशीलता और अद्वितीय दृष्टिकोण होता है।",4
"रचनात्मकता का जादू होता है जिसमें लेखक अपनी कल्पना की सीमाओं को पार करता है।",4
"म्यूजिक कला में आवाज का ब्रेथलेस उपयोग एक गाने को आदर्श बना सकता है।",4
"गोविन्दाचार्य ने अपने काव्य ग्रंथ में प्रेम और भक्ति के रस को अद्वितीय तरीके से व्यक्त किया।",4
"पुरातात्विक खोज में राजा हर्ष के समय के लक्षणों के अद्वितीय सिक्कों की खोज की गई।",4
"महाभारत महाकाव्य में अर्जुन की गीता उपदेश ने धार्मिकता के महत्व को बताया है।",4
"चित्रकला के क्षेत्र में मिश्रित मीडिया और तकनीक का प्रयोग आधुनिक रूप से हो रहा है।",4
"संगीत कला में सुरों के मधुर मेल में ही एक गाने की महत्वपूर्णता होती है।",4
"रंगमंच पर नृत्य कला के माध्यम से किसी विचार को जनता के सामने प्रस्तुत करना एक कला है।",4
"जीवन में सफलता प्राप्त करने के लिए साहस, संघर्ष और सामर्थ्य की आवश्यकता होती है।",0
"विज्ञान के क्षेत्र में नई खोज और अनुसंधान के लिए विशेषज्ञों की जरूरत होती है।",4
"प्राचीन काव्यशास्त्र में अलंकारों का उपयोग कविता को सुंदर और प्रभावशाली बनाने के लिए किया जाता था।",4
"सुंदर संगीत के साथ किसी फिल्म को अपना मानचित्र पूरा करने में मदद मिलती है।",4
"आधुनिक चित्रकला के क्षेत्र में नई प्रयोगशीलता और अद्वितीय दृष्टिकोण होता है।",4
"रचनात्मकता का जादू होता है जिसमें लेखक अपनी कल्पना की सीमाओं को पार करता है।",4
"म्यूजिक कला में आवाज का ब्रेथलेस उपयोग एक गाने को आदर्श बना सकता है।",4
"गोविन्दाचार्य ने अपने काव्य ग्रंथ में प्रेम और भक्ति के रस को अद्वितीय तरीके से व्यक्त किया।",4
"पुरातात्विक खोज में राजा हर्ष के समय के लक्षणों के अद्वितीय सिक्कों की खोज की गई।",4
"महाभारत महाकाव्य में अर्जुन की गीता उपदेश ने धार्मिकता के महत्व को बताया है।",4
"चित्रकला के क्षेत्र में मिश्रित मीडिया और तकनीक का प्रयोग आधुनिक रूप से हो रहा है।",4
"संगीत कला में सुरों के मधुर मेल में ही एक गाने की महत्वपूर्णता होती है।",4
"रंगमंच पर नृत्य कला के माध्यम से किसी विचार को जनता के सामने प्रस्तुत करना एक कला है।",4
"जीवन में सफलता प्राप्त करने के लिए साहस, संघर्ष और सामर्थ्य की आवश्यकता होती है।",0
"विज्ञान के क्षेत्र में नई खोज और अनुसंधान के लिए विशेषज्ञों की जरूरत होती है।",4
"प्राचीन काव्यशास्त्र में अलंकारों का उपयोग कविता को सुंदर और प्रभावशाली बनाने के लिए किया जाता था।",4
"सुंदर संगीत के साथ किसी फिल्म को अपना मानचित्र पूरा करने में मदद मिलती है।",4
"आधुनिक चित्रकला के क्षेत्र में नई प्रयोगशीलता और अद्वितीय दृष्टिकोण होता है।",4
"रचनात्मकता का जादू होता है जिसमें लेखक अपनी कल्पना की सीमाओं को पार करता है।",4
"म्यूजिक कला में आवाज का ब्रेथलेस उपयोग एक गाने को आदर्श बना सकता है।",4
"गोविन्दाचार्य ने अपने काव्य ग्रंथ में प्रेम और भक्ति के रस को अद्वितीय तरीके से व्यक्त किया।",4
"पुरातात्विक खोज में राजा हर्ष के समय के लक्षणों के अद्वितीय सिक्कों की खोज की गई।",4
"महाभारत महाकाव्य में अर्जुन की गीता उपदेश ने धार्मिकता के महत्व को बताया है।",4
"चित्रकला के क्षेत्र में मिश्रित मीडिया और तकनीक का प्रयोग आधुनिक रूप से हो रहा है।",4
"संगीत कला में सुरों के मधुर मेल में ही एक गाने की महत्वपूर्णता होती है।",4
"रंगमंच पर नृत्य कला के माध्यम से किसी विचार को जनता के सामने प्रस्तुत करना एक कला है।",4
"जीवन में सफलता प्राप्त करने के लिए साहस, संघर्ष और सामर्थ्य की आवश्यकता होती है।",0
"विज्ञान के क्षेत्र में नई खोज और अनुसंधान के लिए विशेषज्ञों की जरूरत होती है।",4
"प्राचीन काव्यशास्त्र में अलंकारों का उपयोग कविता को सुंदर और प्रभावशाली बनाने के लिए किया जाता था।",4
"सुंदर संगीत के साथ किसी फिल्म को अपना मानचित्र पूरा करने में मदद मिलती है।",4
"आधुनिक चित्रकला के क्षेत्र में नई प्रयोगशीलता और अद्वितीय दृष्टिकोण होता है।",4
"रचनात्मकता का जादू होता है जिसमें लेखक अपनी कल्पना की सीमाओं को पार करता है।",4
"म्यूजिक कला में आवाज का ब्रेथलेस उपयोग एक गाने को आदर्श बना सकता है।",4
"गोविन्दाचार्य ने अपने काव्य ग्रंथ में प्रेम और भक्ति के रस को अद्वितीय तरीके से व्यक्त किया।",4
"पुरातात्विक खोज में राजा हर्ष के समय के लक्षणों के अद्वितीय सिक्कों की खोज की गई।",4
"महाभारत महाकाव्य में अर्जुन की गीता उपदेश ने धार्मिकता के महत्व को बताया है।",4
"चित्रकला के क्षेत्र में मिश्रित मीडिया और तकनीक का प्रयोग आधुनिक रूप से हो रहा है।",4
"संगीत कला में सुरों के मधुर मेल में ही एक गाने की महत्वपूर्णता होती है।",4
"रंगमंच पर नृत्य कला के माध्यम से किसी विचार को जनता के सामने प्रस्तुत करना एक कला है।",4
"जीवन में सफलता प्राप्त करने के लिए साहस, संघर्ष और सामर्थ्य की आवश्यकता होती है।",0
"विज्ञान के क्षेत्र में नई खोज और अनुसंधान के लिए विशेषज्ञों की जरूरत होती है।",4
"प्राचीन काव्यशास्त्र में अलंकारों का उपयोग कविता को सुंदर और प्रभावशाली बनाने के लिए किया जाता था।",4
"सुंदर संगीत के साथ किसी फिल्म को अपना मानचित्र पूरा करने में मदद मिलती है।",4
"आधुनिक चित्रकला के क्षेत्र में नई प्रयोगशीलता और अद्वितीय दृष्टिकोण होता है।",4
"रचनात्मकता का जादू होता है जिसमें लेखक अपनी कल्पना की सीमाओं को पार करता है।",4
"म्यूजिक कला में आवाज का ब्रेथलेस उपयोग एक गाने को आदर्श बना सकता है।",4
"गोविन्दाचार्य ने अपने काव्य ग्रंथ में प्रेम और भक्ति के रस को अद्वितीय तरीके से व्यक्त किया।",4
"पुरातात्विक खोज में राजा हर्ष के समय के लक्षणों के अद्वितीय सिक्कों की खोज की गई।",4
"महाभारत महाकाव्य में अर्जुन की गीता उपदेश ने धार्मिकता के महत्व को बताया है।",4
"चित्रकला के क्षेत्र में मिश्रित मीडिया और तकनीक का प्रयोग आधुनिक रूप से हो रहा है।",4
"संगीत कला में सुरों के मधुर मेल में ही एक गाने की महत्वपूर्णता होती है।",4
"रंगमंच पर नृत्य कला के माध्यम से किसी विचार को जनता के सामने प्रस्तुत करना एक कला है।",4
"जीवन में सफलता प्राप्त करने के लिए साहस, संघर्ष और सामर्थ्य की आवश्यकता होती है।",0
"विज्ञान के क्षेत्र में नई खोज और अनुसंधान के लिए विशेषज्ञों की जरूरत होती है।",4
"प्राचीन काव्यशास्त्र में अलंकारों का उपयोग कविता को सुंदर और प्रभावशाली बनाने के लिए किया जाता था।",4
"सुंदर संगीत के साथ किसी फिल्म को अपना मानचित्र पूरा करने में मदद मिलती है।",4
"आधुनिक चित्रकला के क्षेत्र में नई प्रयोगशीलता और अद्वितीय दृष्टिकोण होता है।",4
"रचनात्मकता का जादू होता है जिसमें लेखक अपनी कल्पना की सीमाओं को पार करता है।",4
"म्यूजिक कला में आवाज का ब्रेथलेस उपयोग एक गाने को आदर्श बना सकता है।",4
"गोविन्दाचार्य ने अपने काव्य ग्रंथ में प्रेम और भक्ति के रस को अद्वितीय तरीके से व्यक्त किया।",4
"पुरातात्विक खोज में राजा हर्ष के समय के लक्षणों के अद्वितीय सिक्कों की खोज की गई।",4
"महाभारत महाकाव्य में अर्जुन की गीता उपदेश ने धार्मिकता के महत्व को बताया है।",4
"चित्रकला के क्षेत्र में मिश्रित मीडिया और तकनीक का प्रयोग आधुनिक रूप से हो रहा है।",4
"संगीत कला में सुरों के मधुर मेल में ही एक गाने की महत्वपूर्णता होती है।",4
"रंगमंच पर नृत्य कला के माध्यम से किसी विचार को जनता के सामने प्रस्तुत करना एक कला है।",4
"जीवन में सफलता प्राप्त करने के लिए साहस, संघर्ष और सामर्थ्य की आवश्यकता होती है।",0
"विज्ञान के क्षेत्र में नई खोज और अनुसंधान के लिए विशेषज्ञों की जरूरत होती है।",4
"प्राचीन काव्यशास्त्र में अलंकारों का उपयोग कविता को सुंदर और प्रभावशाली बनाने के लिए किया जाता था।",4
"सुंदर संगीत के साथ किसी फिल्म को अपना मानचित्र पूरा करने में मदद मिलती है।",4
"आधुनिक चित्रकला के क्षेत्र में नई प्रयोगशीलता और अद्वितीय दृष्टिकोण होता है।",4
"रचनात्मकता का जादू होता है जिसमें लेखक अपनी कल्पना की सीमाओं को पार करता है।",4
"म्यूजिक कला में आवाज का ब्रेथलेस उपयोग एक गाने को आदर्श बना सकता है।",4
"गोविन्दाचार्य ने अपने काव्य ग्रंथ में प्रेम और भक्ति के रस को अद्वितीय तरीके से व्यक्त किया।",4
"पुरातात्विक खोज में राजा हर्ष के समय के लक्षणों के अद्वितीय सिक्कों की खोज की गई।",4
"महाभारत महाकाव्य में अर्जुन की गीता उपदेश ने धार्मिकता के महत्व को बताया है।",4
"चित्रकला के क्षेत्र में मिश्रित मीडिया और तकनीक का प्रयोग आधुनिक रूप से हो रहा है।",4
"संगीत कला में सुरों के मधुर मेल में ही एक गाने की महत्वपूर्णता होती है।",4
"रंगमंच पर नृत्य कला के माध्यम से किसी विचार को जनता के सामने प्रस्तुत करना एक कला है।",4
"जीवन में सफलता प्राप्त करने के लिए साहस, संघर्ष और सामर्थ्य की आवश्यकता होती है।",0
"विज्ञान के क्षेत्र में नई खोज और अनुसंधान के लिए विशेषज्ञों की जरूरत होती है।",4
"प्राचीन काव्यशास्त्र में अलंकारों का उपयोग कविता को सुंदर और प्रभावशाली बनाने के लिए किया जाता था।",4
"सुंदर संगीत के साथ किसी फिल्म को अपना मानचित्र पूरा करने में मदद मिलती है।",4
"आधुनिक चित्रकला के क्षेत्र में नई प्रयोगशीलता और अद्वितीय दृष्टिकोण होता है।",4
"रचनात्मकता का जादू होता है जिसमें लेखक अपनी कल्पना की सीमाओं को पार करता है।",4
"म्यूजिक कला में आवाज का ब्रेथलेस उपयोग एक गाने को आदर्श बना सकता है।",4
"गोविन्दाचार्य ने अपने काव्य ग्रंथ में प्रेम और भक्ति के रस को अद्वितीय तरीके से व्यक्त किया।",4
"पुरातात्विक खोज में राजा हर्ष के समय के लक्षणों के अद्वितीय सिक्कों की खोज की गई।",4
"महाभारत महाकाव्य में अर्जुन की गीता उपदेश ने धार्मिकता के महत्व को बताया है।",4
"चित्रकला के क्षेत्र में मिश्रित मीडिया और तकनीक का प्रयोग आधुनिक रूप से हो रहा है।",4
"संगीत कला में सुरों के मधुर मेल में ही एक गाने की महत्वपूर्णता होती है।",4
"रंगमंच पर नृत्य कला के माध्यम से किसी विचार को जनता के सामने प्रस्तुत करना एक कला है।",4
"जीवन में सफलता प्राप्त करने के लिए साहस, संघर्ष और सामर्थ्य की आवश्यकता होती है।",0
"विज्ञान के क्षेत्र में नई खोज और अनुसंधान के लिए विशेषज्ञों की जरूरत होती है।",4
"प्राचीन काव्यशास्त्र में अलंकारों का उपयोग कविता को सुंदर और प्रभावशाली बनाने के लिए किया जाता था।",4
"सुंदर संगीत के साथ किसी फिल्म को अपना मानचित्र पूरा करने में मदद मिलती है।",4
"आधुनिक चित्रकला के क्षेत्र में नई प्रयोगशीलता और अद्वितीय दृष्टिकोण होता है।",4
"रचनात्मकता का जादू होता है जिसमें लेखक अपनी कल्पना की सीमाओं को पार करता है।",4
"म्यूजिक कला में आवाज का ब्रेथलेस उपयोग एक गाने को आदर्श बना सकता है।",4
"गोविन्दाचार्य ने अपने काव्य ग्रंथ में प्रेम और भक्ति के रस को अद्वितीय तरीके से व्यक्त किया।",4
"पुरातात्विक खोज में राजा हर्ष के समय के लक्षणों के अद्वितीय सिक्कों की खोज की गई।",4
"महाभारत महाकाव्य में अर्जुन की गीता उपदेश ने धार्मिकता के महत्व को बताया है।",4
"चित्रकला के क्षेत्र में मिश्रित मीडिया और तकनीक का प्रयोग आधुनिक रूप से हो रहा है।",4
"संगीत कला में सुरों के मधुर मेल में ही एक गाने की महत्वपूर्णता होती है।",4
"रंगमंच पर नृत्य कला के माध्यम से किसी विचार को जनता के सामने प्रस्तुत करना एक कला है।",4
"जीवन में सफलता प्राप्त करने के लिए साहस, संघर्ष और सामर्थ्य की आवश्यकता होती है।",0
"विज्ञान के क्षेत्र में नई खोज और अनुसंधान के लिए विशेषज्ञों की जरूरत होती है।",4
"प्राचीन काव्यशास्त्र में अलंकारों का उपयोग कविता को सुंदर और प्रभावशाली बनाने के लिए किया जाता था।",4
"सुंदर संगीत के साथ किसी फिल्म को अपना मानचित्र पूरा करने में मदद मिलती है।",4
"आधुनिक चित्रकला के क्षेत्र में नई प्रयोगशीलता और अद्वितीय दृष्टिकोण होता है।",4
"रचनात्मकता का जादू होता है जिसमें लेखक अपनी कल्पना की सीमाओं को पार करता है।",4
"म्यूजिक कला में आवाज का ब्रेथलेस उपयोग एक गाने को आदर्श बना सकता है।",4
"गोविन्दाचार्य ने अपने काव्य ग्रंथ में प्रेम और भक्ति के रस को अद्वितीय तरीके से व्यक्त किया।",4
"पुरातात्विक खोज में राजा हर्ष के समय के लक्षणों के अद्वितीय सिक्कों की खोज की गई।",4
"महाभारत महाकाव्य में अर्जुन की गीता उपदेश ने धार्मिकता के महत्व को बताया है।",4
"चित्रकला के क्षेत्र में मिश्रित मीडिया और तकनीक का प्रयोग आधुनिक रूप से हो रहा है।",4
"संगीत कला में सुरों के मधुर मेल में ही एक गाने की महत्वपूर्णता होती है।",4
"रंगमंच पर नृत्य कला के माध्यम से किसी विचार को जनता के सामने प्रस्तुत करना एक कला है।",4
"जीवन में सफलता प्राप्त करने के लिए साहस, संघर्ष और सामर्थ्य की आवश्यकता होती है।",0
"विज्ञान के क्षेत्र में नई खोज और अनुसंधान के लिए विशेषज्ञों की जरूरत होती है।",4
"प्राचीन काव्यशास्त्र में अलंकारों का उपयोग कविता को सुंदर और प्रभावशाली बनाने के लिए किया जाता था।",4
"सुंदर संगीत के साथ किसी फिल्म को अपना मानचित्र पूरा करने में मदद मिलती है।",4
"आधुनिक चित्रकला के क्षेत्र में नई प्रयोगशीलता और अद्वितीय दृष्टिकोण होता है।",4
"रचनात्मकता का जादू होता है जिसमें लेखक अपनी कल्पना की सीमाओं को पार करता है।",4
"म्यूजिक कला में आवाज का ब्रेथलेस उपयोग एक गाने को आदर्श बना सकता है।",4
"गोविन्दाचार्य ने अपने काव्य ग्रंथ में प्रेम और भक्ति के रस को अद्वितीय तरीके से व्यक्त किया।",4
"पुरातात्विक खोज में राजा हर्ष के समय के लक्षणों के अद्वितीय सिक्कों की खोज की गई।",4
"महाभारत महाकाव्य में अर्जुन की गीता उपदेश ने धार्मिकता के महत्व को बताया है।",4
"चित्रकला के क्षेत्र में मिश्रित मीडिया और तकनीक का प्रयोग आधुनिक रूप से हो रहा है।",4
"संगीत कला में सुरों के मधुर मेल में ही एक गाने की महत्वपूर्णता होती है।",4
"रंगमंच पर नृत्य कला के माध्यम से किसी विचार को जनता के सामने प्रस्तुत करना एक कला है।",4
"जीवन में सफलता प्राप्त करने के लिए साहस, संघर्ष और सामर्थ्य की आवश्यकता होती है।",0
"विज्ञान के क्षेत्र में नई खोज और अनुसंधान के लिए विशेषज्ञों की जरूरत होती है।",4
"प्राचीन काव्यशास्त्र में अलंकारों का उपयोग कविता को सुंदर और प्रभावशाली बनाने के लिए किया जाता था।",4
"सुंदर संगीत के साथ किसी फिल्म को अपना मानचित्र पूरा करने में मदद मिलती है।",4
"आधुनिक चित्रकला के क्षेत्र में नई प्रयोगशीलता और अद्वितीय दृष्टिकोण होता है।",4
"रचनात्मकता का जादू होता है जिसमें लेखक अपनी कल्पना की सीमाओं को पार करता है।",4
"म्यूजिक कला में आवाज का ब्रेथलेस उपयोग एक गाने को आदर्श बना सकता है।",4
"गोविन्दाचार्य ने अपने काव्य ग्रंथ में प्रेम और भक्ति के रस को अद्वितीय तरीके से व्यक्त किया।",4
"पुरातात्विक खोज में राजा हर्ष के समय के लक्षणों के अद्वितीय सिक्कों की खोज की गई।",4
"महाभारत महाकाव्य में अर्जुन की गीता उपदेश ने धार्मिकता के महत्व को बताया है।",4
"चित्रकला के क्षेत्र में मिश्रित मीडिया और तकनीक का प्रयोग आधुनिक रूप से हो रहा है।",4
"संगीत कला में सुरों के मधुर मेल में ही एक गाने की महत्वपूर्णता होती है।",4
"रंगमंच पर नृत्य कला के माध्यम से किसी विचार को जनता के सामने प्रस्तुत करना एक कला है।",4
"जीवन में सफलता प्राप्त करने के लिए साहस, संघर्ष और सामर्थ्य की आवश्यकता होती है।",0
"विज्ञान के क्षेत्र में नई खोज और अनुसंधान के लिए विशेषज्ञों की जरूरत होती है।",4
"प्राचीन काव्यशास्त्र में अलंकारों का उपयोग कविता को सुंदर और प्रभावशाली बनाने के लिए किया जाता था।",4
"सुंदर संगीत के साथ किसी फिल्म को अपना मानचित्र पूरा करने में मदद मिलती है।",4
"आधुनिक चित्रकला के क्षेत्र में नई प्रयोगशीलता और अद्वितीय दृष्टिकोण होता है।",4
